Country Name,Country Code,Series,Series Code,2017 [YR2017],2018 [YR2018]
Afghanistan,AFG,"Net enrolment rate, secondary, both sexes (%)",SE.SEC.NENR,48.44288,50.1407
Afghanistan,AFG,"Net enrolment rate, primary, both sexes (%)",SE.PRM.NENR,..,..
Albania,ALB,"Net enrolment rate, secondary, both sexes (%)",SE.SEC.NENR,86.6726,86.60827
Albania,ALB,"Net enrolment rate, primary, both sexes (%)",SE.PRM.NENR,95.53947,94.52966
Algeria,DZA,"Net enrolment rate, secondary, both sexes (%)",SE.SEC.NENR,..,..
Algeria,DZA,"Net enrolment rate, primary, both sexes (%)",SE.PRM.NENR,97.5883,97.63517
American Samoa,ASM,"Net enrolment rate, secondary, both sexes (%)",SE.SEC.NENR,..,..
American Samoa,ASM,"Net enrolment rate, primary, both sexes (%)",SE.PRM.NENR,..,..
Andorra,AND,"Net enrolment rate, secondary, both sexes (%)",SE.SEC.NENR,..,..
Andorra,AND,"Net enrolment rate, primary, both sexes (%)",SE.PRM.NENR,..,..
Angola,AGO,"Net enrolment rate, secondary, both sexes (%)",SE.SEC.NENR,..,..
Angola,AGO,"Net enrolment rate, primary, both sexes (%)",SE.PRM.NENR,..,..
Antigua and Barbuda,ATG,"Net enrolment rate, secondary, both sexes (%)",SE.SEC.NENR,87.74032,88.78981
Antigua and Barbuda,ATG,"Net enrolment rate, primary, both sexes (%)",SE.PRM.NENR,94.19429,95.69547
Arab World,ARB,"Net enrolment rate, secondary, both sexes (%)",SE.SEC.NENR,63.06303,63.51428
Arab World,ARB,"Net enrolment rate, primary, both sexes (%)",SE.PRM.NENR,83.76548,84.05164
Argentina,ARG,"Net enrolment rate, secondary, both sexes (%)",SE.SEC.NENR,90.79605,..
Argentina,ARG,"Net enrolment rate, primary, both sexes (%)",SE.PRM.NENR,99.184,..
Armenia,ARM,"Net enrolment rate, secondary, both sexes (%)",SE.SEC.NENR,..,..
Armenia,ARM,"Net enrolment rate, primary, both sexes (%)",SE.PRM.NENR,91.94625,90.72273
Aruba,ABW,"Net enrolment rate, secondary, both sexes (%)",SE.SEC.NENR,..,..
Aruba,ABW,"Net enrolment rate, primary, both sexes (%)",SE.PRM.NENR,..,..
Australia,AUS,"Net enrolment rate, secondary, both sexes (%)",SE.SEC.NENR,92.28431,..
Australia,AUS,"Net enrolment rate, primary, both sexes (%)",SE.PRM.NENR,96.38096,..
Austria,AUT,"Net enrolment rate, secondary, both sexes (%)",SE.SEC.NENR,87.00131,..
Austria,AUT,"Net enrolment rate, primary, both sexes (%)",SE.PRM.NENR,88.61718,..
Azerbaijan,AZE,"Net enrolment rate, secondary, both sexes (%)",SE.SEC.NENR,..,88.53256
Azerbaijan,AZE,"Net enrolment rate, primary, both sexes (%)",SE.PRM.NENR,93.7475,92.42467
"Bahamas, The",BHS,"Net enrolment rate, secondary, both sexes (%)",SE.SEC.NENR,65.13657,62.4958
"Bahamas, The",BHS,"Net enrolment rate, primary, both sexes (%)",SE.PRM.NENR,..,74.22717
Bahrain,BHR,"Net enrolment rate, secondary, both sexes (%)",SE.SEC.NENR,92.35773,90.19346
Bahrain,BHR,"Net enrolment rate, primary, both sexes (%)",SE.PRM.NENR,97.27864,96.71489
Bangladesh,BGD,"Net enrolment rate, secondary, both sexes (%)",SE.SEC.NENR,63.74088,66.54968
Bangladesh,BGD,"Net enrolment rate, primary, both sexes (%)",SE.PRM.NENR,..,..
Barbados,BRB,"Net enrolment rate, secondary, both sexes (%)",SE.SEC.NENR,95.94098,93.63078
Barbados,BRB,"Net enrolment rate, primary, both sexes (%)",SE.PRM.NENR,94.99257,96.69287
Belarus,BLR,"Net enrolment rate, secondary, both sexes (%)",SE.SEC.NENR,96.37553,95.63948
Belarus,BLR,"Net enrolment rate, primary, both sexes (%)",SE.PRM.NENR,95.61727,94.92861
Belgium,BEL,"Net enrolment rate, secondary, both sexes (%)",SE.SEC.NENR,94.94691,..
Belgium,BEL,"Net enrolment rate, primary, both sexes (%)",SE.PRM.NENR,98.76482,..
Belize,BLZ,"Net enrolment rate, secondary, both sexes (%)",SE.SEC.NENR,70.34414,71.149
Belize,BLZ,"Net enrolment rate, primary, both sexes (%)",SE.PRM.NENR,96.18248,95.94237
Benin,BEN,"Net enrolment rate, secondary, both sexes (%)",SE.SEC.NENR,..,..
Benin,BEN,"Net enrolment rate, primary, both sexes (%)",SE.PRM.NENR,97.03352,97.21103
Bermuda,BMU,"Net enrolment rate, secondary, both sexes (%)",SE.SEC.NENR,..,..
Bermuda,BMU,"Net enrolment rate, primary, both sexes (%)",SE.PRM.NENR,..,..
Bhutan,BTN,"Net enrolment rate, secondary, both sexes (%)",SE.SEC.NENR,67.06537,70.19893
Bhutan,BTN,"Net enrolment rate, primary, both sexes (%)",SE.PRM.NENR,87.42576,88.02597
Bolivia,BOL,"Net enrolment rate, secondary, both sexes (%)",SE.SEC.NENR,76.1901,76.55438
Bolivia,BOL,"Net enrolment rate, primary, both sexes (%)",SE.PRM.NENR,90.87779,92.85137
Bosnia and Herzegovina,BIH,"Net enrolment rate, secondary, both sexes (%)",SE.SEC.NENR,..,..
Bosnia and Herzegovina,BIH,"Net enrolment rate, primary, both sexes (%)",SE.PRM.NENR,..,..
Botswana,BWA,"Net enrolment rate, secondary, both sexes (%)",SE.SEC.NENR,..,..
Botswana,BWA,"Net enrolment rate, primary, both sexes (%)",SE.PRM.NENR,..,..
Brazil,BRA,"Net enrolment rate, secondary, both sexes (%)",SE.SEC.NENR,81.72855,..
Brazil,BRA,"Net enrolment rate, primary, both sexes (%)",SE.PRM.NENR,96.29925,..
British Virgin Islands,VGB,"Net enrolment rate, secondary, both sexes (%)",SE.SEC.NENR,68.10811,..
British Virgin Islands,VGB,"Net enrolment rate, primary, both sexes (%)",SE.PRM.NENR,..,..
Brunei Darussalam,BRN,"Net enrolment rate, secondary, both sexes (%)",SE.SEC.NENR,84.04573,82.64549
Brunei Darussalam,BRN,"Net enrolment rate, primary, both sexes (%)",SE.PRM.NENR,93.53285,93.14673
Bulgaria,BGR,"Net enrolment rate, secondary, both sexes (%)",SE.SEC.NENR,89.05757,..
Bulgaria,BGR,"Net enrolment rate, primary, both sexes (%)",SE.PRM.NENR,86.4454,..
Burkina Faso,BFA,"Net enrolment rate, secondary, both sexes (%)",SE.SEC.NENR,29.14227,31.00148
Burkina Faso,BFA,"Net enrolment rate, primary, both sexes (%)",SE.PRM.NENR,76.42387,78.64517
Burundi,BDI,"Net enrolment rate, secondary, both sexes (%)",SE.SEC.NENR,28.30495,27.52277
Burundi,BDI,"Net enrolment rate, primary, both sexes (%)",SE.PRM.NENR,94.87551,92.8047
Cabo Verde,CPV,"Net enrolment rate, secondary, both sexes (%)",SE.SEC.NENR,71.43748,70.42826
Cabo Verde,CPV,"Net enrolment rate, primary, both sexes (%)",SE.PRM.NENR,92.86236,93.42191
Cambodia,KHM,"Net enrolment rate, secondary, both sexes (%)",SE.SEC.NENR,..,..
Cambodia,KHM,"Net enrolment rate, primary, both sexes (%)",SE.PRM.NENR,90.54321,90.26554
Cameroon,CMR,"Net enrolment rate, secondary, both sexes (%)",SE.SEC.NENR,..,..
Cameroon,CMR,"Net enrolment rate, primary, both sexes (%)",SE.PRM.NENR,92.87395,..
Canada,CAN,"Net enrolment rate, secondary, both sexes (%)",SE.SEC.NENR,99.80968,..
Canada,CAN,"Net enrolment rate, primary, both sexes (%)",SE.PRM.NENR,99.8825,..
Caribbean small states,CSS,"Net enrolment rate, secondary, both sexes (%)",SE.SEC.NENR,73.90341,74.27317
Caribbean small states,CSS,"Net enrolment rate, primary, both sexes (%)",SE.PRM.NENR,88.34162,87.89515
Cayman Islands,CYM,"Net enrolment rate, secondary, both sexes (%)",SE.SEC.NENR,..,..
Cayman Islands,CYM,"Net enrolment rate, primary, both sexes (%)",SE.PRM.NENR,..,..
Central African Republic,CAF,"Net enrolment rate, secondary, both sexes (%)",SE.SEC.NENR,12.71989,..
Central African Republic,CAF,"Net enrolment rate, primary, both sexes (%)",SE.PRM.NENR,..,..
Central Europe and the Baltics,CEB,"Net enrolment rate, secondary, both sexes (%)",SE.SEC.NENR,89.76877,89.73885
Central Europe and the Baltics,CEB,"Net enrolment rate, primary, both sexes (%)",SE.PRM.NENR,91.3002,..
Chad,TCD,"Net enrolment rate, secondary, both sexes (%)",SE.SEC.NENR,..,..
Chad,TCD,"Net enrolment rate, primary, both sexes (%)",SE.PRM.NENR,..,..
Channel Islands,CHI,"Net enrolment rate, secondary, both sexes (%)",SE.SEC.NENR,..,..
Channel Islands,CHI,"Net enrolment rate, primary, both sexes (%)",SE.PRM.NENR,..,..
Chile,CHL,"Net enrolment rate, secondary, both sexes (%)",SE.SEC.NENR,88.65187,..
Chile,CHL,"Net enrolment rate, primary, both sexes (%)",SE.PRM.NENR,94.74067,..
China,CHN,"Net enrolment rate, secondary, both sexes (%)",SE.SEC.NENR,..,..
China,CHN,"Net enrolment rate, primary, both sexes (%)",SE.PRM.NENR,..,..
Colombia,COL,"Net enrolment rate, secondary, both sexes (%)",SE.SEC.NENR,76.5618,77.47078
Colombia,COL,"Net enrolment rate, primary, both sexes (%)",SE.PRM.NENR,93.13491,92.91999
Comoros,COM,"Net enrolment rate, secondary, both sexes (%)",SE.SEC.NENR,42.9786,50.35748
Comoros,COM,"Net enrolment rate, primary, both sexes (%)",SE.PRM.NENR,79.83747,80.75383
"Congo, Dem. Rep.",COD,"Net enrolment rate, secondary, both sexes (%)",SE.SEC.NENR,..,..
"Congo, Dem. Rep.",COD,"Net enrolment rate, primary, both sexes (%)",SE.PRM.NENR,..,..
"Congo, Rep.",COG,"Net enrolment rate, secondary, both sexes (%)",SE.SEC.NENR,..,..
"Congo, Rep.",COG,"Net enrolment rate, primary, both sexes (%)",SE.PRM.NENR,..,..
Costa Rica,CRI,"Net enrolment rate, secondary, both sexes (%)",SE.SEC.NENR,81.86735,82.44799
Costa Rica,CRI,"Net enrolment rate, primary, both sexes (%)",SE.PRM.NENR,96.34224,97.33255
Cote d'Ivoire,CIV,"Net enrolment rate, secondary, both sexes (%)",SE.SEC.NENR,37.99436,40.19814
Cote d'Ivoire,CIV,"Net enrolment rate, primary, both sexes (%)",SE.PRM.NENR,85.57232,90.32837
Croatia,HRV,"Net enrolment rate, secondary, both sexes (%)",SE.SEC.NENR,92.39267,..
Croatia,HRV,"Net enrolment rate, primary, both sexes (%)",SE.PRM.NENR,88.0407,..
Cuba,CUB,"Net enrolment rate, secondary, both sexes (%)",SE.SEC.NENR,84.18099,84.18162
Cuba,CUB,"Net enrolment rate, primary, both sexes (%)",SE.PRM.NENR,95.57823,97.73994
Curacao,CUW,"Net enrolment rate, secondary, both sexes (%)",SE.SEC.NENR,..,..
Curacao,CUW,"Net enrolment rate, primary, both sexes (%)",SE.PRM.NENR,..,..
Cyprus,CYP,"Net enrolment rate, secondary, both sexes (%)",SE.SEC.NENR,95.337,..
Cyprus,CYP,"Net enrolment rate, primary, both sexes (%)",SE.PRM.NENR,97.49342,..
Czech Republic,CZE,"Net enrolment rate, secondary, both sexes (%)",SE.SEC.NENR,90.51857,..
Czech Republic,CZE,"Net enrolment rate, primary, both sexes (%)",SE.PRM.NENR,89.3503,..
Denmark,DNK,"Net enrolment rate, secondary, both sexes (%)",SE.SEC.NENR,90.92146,..
Denmark,DNK,"Net enrolment rate, primary, both sexes (%)",SE.PRM.NENR,98.53748,..
Djibouti,DJI,"Net enrolment rate, secondary, both sexes (%)",SE.SEC.NENR,..,..
Djibouti,DJI,"Net enrolment rate, primary, both sexes (%)",SE.PRM.NENR,59.96016,61.80335
Dominica,DMA,"Net enrolment rate, secondary, both sexes (%)",SE.SEC.NENR,..,..
Dominica,DMA,"Net enrolment rate, primary, both sexes (%)",SE.PRM.NENR,..,..
Dominican Republic,DOM,"Net enrolment rate, secondary, both sexes (%)",SE.SEC.NENR,70.27235,70.60614
Dominican Republic,DOM,"Net enrolment rate, primary, both sexes (%)",SE.PRM.NENR,92.87434,92.71356
Early-demographic dividend,EAR,"Net enrolment rate, secondary, both sexes (%)",SE.SEC.NENR,63.76386,64.08017
Early-demographic dividend,EAR,"Net enrolment rate, primary, both sexes (%)",SE.PRM.NENR,90.26593,90.30715
East Asia & Pacific,EAS,"Net enrolment rate, secondary, both sexes (%)",SE.SEC.NENR,78.7363,78.90534
East Asia & Pacific,EAS,"Net enrolment rate, primary, both sexes (%)",SE.PRM.NENR,..,..
East Asia & Pacific (excluding high income),EAP,"Net enrolment rate, secondary, both sexes (%)",SE.SEC.NENR,78.30426,78.46543
East Asia & Pacific (excluding high income),EAP,"Net enrolment rate, primary, both sexes (%)",SE.PRM.NENR,..,..
East Asia & Pacific (IDA & IBRD countries),TEA,"Net enrolment rate, secondary, both sexes (%)",SE.SEC.NENR,78.14456,78.31161
East Asia & Pacific (IDA & IBRD countries),TEA,"Net enrolment rate, primary, both sexes (%)",SE.PRM.NENR,..,..
Ecuador,ECU,"Net enrolment rate, secondary, both sexes (%)",SE.SEC.NENR,85.3386,84.67039
Ecuador,ECU,"Net enrolment rate, primary, both sexes (%)",SE.PRM.NENR,91.64154,90.94167
"Egypt, Arab Rep.",EGY,"Net enrolment rate, secondary, both sexes (%)",SE.SEC.NENR,81.65996,82.77635
"Egypt, Arab Rep.",EGY,"Net enrolment rate, primary, both sexes (%)",SE.PRM.NENR,97.02531,97.03257
El Salvador,SLV,"Net enrolment rate, secondary, both sexes (%)",SE.SEC.NENR,60.18056,61.83092
El Salvador,SLV,"Net enrolment rate, primary, both sexes (%)",SE.PRM.NENR,80.23355,80.99537
Equatorial Guinea,GNQ,"Net enrolment rate, secondary, both sexes (%)",SE.SEC.NENR,..,..
Equatorial Guinea,GNQ,"Net enrolment rate, primary, both sexes (%)",SE.PRM.NENR,..,..
Eritrea,ERI,"Net enrolment rate, secondary, both sexes (%)",SE.SEC.NENR,40.69051,41.57501
Eritrea,ERI,"Net enrolment rate, primary, both sexes (%)",SE.PRM.NENR,51.75237,51.45515
Estonia,EST,"Net enrolment rate, secondary, both sexes (%)",SE.SEC.NENR,94.36474,..
Estonia,EST,"Net enrolment rate, primary, both sexes (%)",SE.PRM.NENR,93.68129,..
Eswatini,SWZ,"Net enrolment rate, secondary, both sexes (%)",SE.SEC.NENR,..,..
Eswatini,SWZ,"Net enrolment rate, primary, both sexes (%)",SE.PRM.NENR,82.52357,..
Ethiopia,ETH,"Net enrolment rate, secondary, both sexes (%)",SE.SEC.NENR,..,..
Ethiopia,ETH,"Net enrolment rate, primary, both sexes (%)",SE.PRM.NENR,..,..
Euro area,EMU,"Net enrolment rate, secondary, both sexes (%)",SE.SEC.NENR,90.58376,90.60507
Euro area,EMU,"Net enrolment rate, primary, both sexes (%)",SE.PRM.NENR,97.44854,..
Europe & Central Asia,ECS,"Net enrolment rate, secondary, both sexes (%)",SE.SEC.NENR,90.20232,89.92563
Europe & Central Asia,ECS,"Net enrolment rate, primary, both sexes (%)",SE.PRM.NENR,94.97764,94.87481
Europe & Central Asia (excluding high income),ECA,"Net enrolment rate, secondary, both sexes (%)",SE.SEC.NENR,88.63549,88.08639
Europe & Central Asia (excluding high income),ECA,"Net enrolment rate, primary, both sexes (%)",SE.PRM.NENR,91.98788,91.81915
Europe & Central Asia (IDA & IBRD countries),TEC,"Net enrolment rate, secondary, both sexes (%)",SE.SEC.NENR,88.96116,88.43456
Europe & Central Asia (IDA & IBRD countries),TEC,"Net enrolment rate, primary, both sexes (%)",SE.PRM.NENR,92.30525,92.15259
European Union,EUU,"Net enrolment rate, secondary, both sexes (%)",SE.SEC.NENR,91.44627,91.46641
European Union,EUU,"Net enrolment rate, primary, both sexes (%)",SE.PRM.NENR,96.79802,..
Faroe Islands,FRO,"Net enrolment rate, secondary, both sexes (%)",SE.SEC.NENR,..,..
Faroe Islands,FRO,"Net enrolment rate, primary, both sexes (%)",SE.PRM.NENR,..,..
Fiji,FJI,"Net enrolment rate, secondary, both sexes (%)",SE.SEC.NENR,..,..
Fiji,FJI,"Net enrolment rate, primary, both sexes (%)",SE.PRM.NENR,..,..
Finland,FIN,"Net enrolment rate, secondary, both sexes (%)",SE.SEC.NENR,96.1047,..
Finland,FIN,"Net enrolment rate, primary, both sexes (%)",SE.PRM.NENR,98.62944,..
Fragile and conflict affected situations,FCS,"Net enrolment rate, secondary, both sexes (%)",SE.SEC.NENR,37.63171,37.62826
Fragile and conflict affected situations,FCS,"Net enrolment rate, primary, both sexes (%)",SE.PRM.NENR,76.56647,77.02801
France,FRA,"Net enrolment rate, secondary, both sexes (%)",SE.SEC.NENR,94.66595,..
France,FRA,"Net enrolment rate, primary, both sexes (%)",SE.PRM.NENR,98.92727,..
French Polynesia,PYF,"Net enrolment rate, secondary, both sexes (%)",SE.SEC.NENR,..,..
French Polynesia,PYF,"Net enrolment rate, primary, both sexes (%)",SE.PRM.NENR,..,..
Gabon,GAB,"Net enrolment rate, secondary, both sexes (%)",SE.SEC.NENR,..,..
Gabon,GAB,"Net enrolment rate, primary, both sexes (%)",SE.PRM.NENR,..,..
"Gambia, The",GMB,"Net enrolment rate, secondary, both sexes (%)",SE.SEC.NENR,..,..
"Gambia, The",GMB,"Net enrolment rate, primary, both sexes (%)",SE.PRM.NENR,76.0989,76.81635
Georgia,GEO,"Net enrolment rate, secondary, both sexes (%)",SE.SEC.NENR,94.21028,95.94754
Georgia,GEO,"Net enrolment rate, primary, both sexes (%)",SE.PRM.NENR,97.91476,96.43624
Germany,DEU,"Net enrolment rate, secondary, both sexes (%)",SE.SEC.NENR,85.29882,..
Germany,DEU,"Net enrolment rate, primary, both sexes (%)",SE.PRM.NENR,90.14286,..
Ghana,GHA,"Net enrolment rate, secondary, both sexes (%)",SE.SEC.NENR,55.4414,58.2609
Ghana,GHA,"Net enrolment rate, primary, both sexes (%)",SE.PRM.NENR,85.1822,84.48045
Gibraltar,GIB,"Net enrolment rate, secondary, both sexes (%)",SE.SEC.NENR,93.83962,..
Gibraltar,GIB,"Net enrolment rate, primary, both sexes (%)",SE.PRM.NENR,..,..
Global Partnership for Education,FTI,"Net enrolment rate, secondary, both sexes (%)",SE.SEC.NENR,41.85798,42.22265
Global Partnership for Education,FTI,"Net enrolment rate, primary, both sexes (%)",SE.PRM.NENR,..,..
Greece,GRC,"Net enrolment rate, secondary, both sexes (%)",SE.SEC.NENR,93.34588,..
Greece,GRC,"Net enrolment rate, primary, both sexes (%)",SE.PRM.NENR,98.22037,..
Greenland,GRL,"Net enrolment rate, secondary, both sexes (%)",SE.SEC.NENR,..,..
Greenland,GRL,"Net enrolment rate, primary, both sexes (%)",SE.PRM.NENR,..,..
Grenada,GRD,"Net enrolment rate, secondary, both sexes (%)",SE.SEC.NENR,87.72998,..
Grenada,GRD,"Net enrolment rate, primary, both sexes (%)",SE.PRM.NENR,..,95.86628
Guam,GUM,"Net enrolment rate, secondary, both sexes (%)",SE.SEC.NENR,..,..
Guam,GUM,"Net enrolment rate, primary, both sexes (%)",SE.PRM.NENR,..,..
Guatemala,GTM,"Net enrolment rate, secondary, both sexes (%)",SE.SEC.NENR,43.59611,43.77665
Guatemala,GTM,"Net enrolment rate, primary, both sexes (%)",SE.PRM.NENR,85.58408,86.88631
Guinea,GIN,"Net enrolment rate, secondary, both sexes (%)",SE.SEC.NENR,..,..
Guinea,GIN,"Net enrolment rate, primary, both sexes (%)",SE.PRM.NENR,..,..
Guinea-Bissau,GNB,"Net enrolment rate, secondary, both sexes (%)",SE.SEC.NENR,..,..
Guinea-Bissau,GNB,"Net enrolment rate, primary, both sexes (%)",SE.PRM.NENR,..,..
Guyana,GUY,"Net enrolment rate, secondary, both sexes (%)",SE.SEC.NENR,..,..
Guyana,GUY,"Net enrolment rate, primary, both sexes (%)",SE.PRM.NENR,..,..
Haiti,HTI,"Net enrolment rate, secondary, both sexes (%)",SE.SEC.NENR,..,..
Haiti,HTI,"Net enrolment rate, primary, both sexes (%)",SE.PRM.NENR,..,..
Heavily indebted poor countries (HIPC),HPC,"Net enrolment rate, secondary, both sexes (%)",SE.SEC.NENR,32.53769,32.8487
Heavily indebted poor countries (HIPC),HPC,"Net enrolment rate, primary, both sexes (%)",SE.PRM.NENR,80.59165,80.40995
High income,HIC,"Net enrolment rate, secondary, both sexes (%)",SE.SEC.NENR,90.745,90.81931
High income,HIC,"Net enrolment rate, primary, both sexes (%)",SE.PRM.NENR,96.15659,96.15167
Honduras,HND,"Net enrolment rate, secondary, both sexes (%)",SE.SEC.NENR,43.77822,..
Honduras,HND,"Net enrolment rate, primary, both sexes (%)",SE.PRM.NENR,80.09489,..
"Hong Kong SAR, China",HKG,"Net enrolment rate, secondary, both sexes (%)",SE.SEC.NENR,93.73494,96.14117
"Hong Kong SAR, China",HKG,"Net enrolment rate, primary, both sexes (%)",SE.PRM.NENR,95.72751,95.45476
Hungary,HUN,"Net enrolment rate, secondary, both sexes (%)",SE.SEC.NENR,89.27911,..
Hungary,HUN,"Net enrolment rate, primary, both sexes (%)",SE.PRM.NENR,90.83399,..
IBRD only,IBD,"Net enrolment rate, secondary, both sexes (%)",SE.SEC.NENR,73.48382,73.57131
IBRD only,IBD,"Net enrolment rate, primary, both sexes (%)",SE.PRM.NENR,94.27793,94.32971
Iceland,ISL,"Net enrolment rate, secondary, both sexes (%)",SE.SEC.NENR,91.2734,..
Iceland,ISL,"Net enrolment rate, primary, both sexes (%)",SE.PRM.NENR,99.83367,..
IDA & IBRD total,IBT,"Net enrolment rate, secondary, both sexes (%)",SE.SEC.NENR,63.24158,63.32784
IDA & IBRD total,IBT,"Net enrolment rate, primary, both sexes (%)",SE.PRM.NENR,88.44634,88.61307
IDA blend,IDB,"Net enrolment rate, secondary, both sexes (%)",SE.SEC.NENR,44.27608,44.93787
IDA blend,IDB,"Net enrolment rate, primary, both sexes (%)",SE.PRM.NENR,..,..
IDA only,IDX,"Net enrolment rate, secondary, both sexes (%)",SE.SEC.NENR,39.71058,39.94525
IDA only,IDX,"Net enrolment rate, primary, both sexes (%)",SE.PRM.NENR,81.42673,81.34393
IDA total,IDA,"Net enrolment rate, secondary, both sexes (%)",SE.SEC.NENR,41.25943,41.64309
IDA total,IDA,"Net enrolment rate, primary, both sexes (%)",SE.PRM.NENR,..,..
India,IND,"Net enrolment rate, secondary, both sexes (%)",SE.SEC.NENR,..,..
India,IND,"Net enrolment rate, primary, both sexes (%)",SE.PRM.NENR,..,..
Indonesia,IDN,"Net enrolment rate, secondary, both sexes (%)",SE.SEC.NENR,..,78.73112
Indonesia,IDN,"Net enrolment rate, primary, both sexes (%)",SE.PRM.NENR,94.09782,93.4963
"Iran, Islamic Rep.",IRN,"Net enrolment rate, secondary, both sexes (%)",SE.SEC.NENR,81.37533,..
"Iran, Islamic Rep.",IRN,"Net enrolment rate, primary, both sexes (%)",SE.PRM.NENR,99.70291,..
Iraq,IRQ,"Net enrolment rate, secondary, both sexes (%)",SE.SEC.NENR,..,..
Iraq,IRQ,"Net enrolment rate, primary, both sexes (%)",SE.PRM.NENR,..,..
Ireland,IRL,"Net enrolment rate, secondary, both sexes (%)",SE.SEC.NENR,98.6613,..
Ireland,IRL,"Net enrolment rate, primary, both sexes (%)",SE.PRM.NENR,95.78041,..
Isle of Man,IMN,"Net enrolment rate, secondary, both sexes (%)",SE.SEC.NENR,..,..
Isle of Man,IMN,"Net enrolment rate, primary, both sexes (%)",SE.PRM.NENR,..,..
Israel,ISR,"Net enrolment rate, secondary, both sexes (%)",SE.SEC.NENR,98.63822,..
Israel,ISR,"Net enrolment rate, primary, both sexes (%)",SE.PRM.NENR,97.01884,..
Italy,ITA,"Net enrolment rate, secondary, both sexes (%)",SE.SEC.NENR,94.66346,..
Italy,ITA,"Net enrolment rate, primary, both sexes (%)",SE.PRM.NENR,95.65574,..
Jamaica,JAM,"Net enrolment rate, secondary, both sexes (%)",SE.SEC.NENR,73.20201,73.96802
Jamaica,JAM,"Net enrolment rate, primary, both sexes (%)",SE.PRM.NENR,82.51691,81.0188
Japan,JPN,"Net enrolment rate, secondary, both sexes (%)",SE.SEC.NENR,..,..
Japan,JPN,"Net enrolment rate, primary, both sexes (%)",SE.PRM.NENR,..,..
Jordan,JOR,"Net enrolment rate, secondary, both sexes (%)",SE.SEC.NENR,61.90296,62.59678
Jordan,JOR,"Net enrolment rate, primary, both sexes (%)",SE.PRM.NENR,80.09353,80.8644
Kazakhstan,KAZ,"Net enrolment rate, secondary, both sexes (%)",SE.SEC.NENR,99.83544,99.83695
Kazakhstan,KAZ,"Net enrolment rate, primary, both sexes (%)",SE.PRM.NENR,86.24057,87.58681
Kenya,KEN,"Net enrolment rate, secondary, both sexes (%)",SE.SEC.NENR,..,..
Kenya,KEN,"Net enrolment rate, primary, both sexes (%)",SE.PRM.NENR,..,..
Kiribati,KIR,"Net enrolment rate, secondary, both sexes (%)",SE.SEC.NENR,..,..
Kiribati,KIR,"Net enrolment rate, primary, both sexes (%)",SE.PRM.NENR,94.69278,..
"Korea, Dem. People’s Rep.",PRK,"Net enrolment rate, secondary, both sexes (%)",SE.SEC.NENR,..,..
"Korea, Dem. People’s Rep.",PRK,"Net enrolment rate, primary, both sexes (%)",SE.PRM.NENR,..,..
"Korea, Rep.",KOR,"Net enrolment rate, secondary, both sexes (%)",SE.SEC.NENR,98.00711,..
"Korea, Rep.",KOR,"Net enrolment rate, primary, both sexes (%)",SE.PRM.NENR,97.25516,..
Kosovo,XKX,"Net enrolment rate, secondary, both sexes (%)",SE.SEC.NENR,..,..
Kosovo,XKX,"Net enrolment rate, primary, both sexes (%)",SE.PRM.NENR,..,..
Kuwait,KWT,"Net enrolment rate, secondary, both sexes (%)",SE.SEC.NENR,..,..
Kuwait,KWT,"Net enrolment rate, primary, both sexes (%)",SE.PRM.NENR,85.87088,82.63321
Kyrgyz Republic,KGZ,"Net enrolment rate, secondary, both sexes (%)",SE.SEC.NENR,83.16127,84.38733
Kyrgyz Republic,KGZ,"Net enrolment rate, primary, both sexes (%)",SE.PRM.NENR,89.88762,89.85774
Lao PDR,LAO,"Net enrolment rate, secondary, both sexes (%)",SE.SEC.NENR,60.13026,60.0122
Lao PDR,LAO,"Net enrolment rate, primary, both sexes (%)",SE.PRM.NENR,92.48614,91.46712
Late-demographic dividend,LTE,"Net enrolment rate, secondary, both sexes (%)",SE.SEC.NENR,82.44917,82.59895
Late-demographic dividend,LTE,"Net enrolment rate, primary, both sexes (%)",SE.PRM.NENR,96.50654,..
Latin America & Caribbean,LCN,"Net enrolment rate, secondary, both sexes (%)",SE.SEC.NENR,77.36148,77.50429
Latin America & Caribbean,LCN,"Net enrolment rate, primary, both sexes (%)",SE.PRM.NENR,93.65373,93.71661
Latin America & Caribbean (excluding high income),LAC,"Net enrolment rate, secondary, both sexes (%)",SE.SEC.NENR,77.15013,77.29944
Latin America & Caribbean (excluding high income),LAC,"Net enrolment rate, primary, both sexes (%)",SE.PRM.NENR,93.74894,93.80971
Latin America & the Caribbean (IDA & IBRD countries),TLA,"Net enrolment rate, secondary, both sexes (%)",SE.SEC.NENR,77.28509,77.43196
Latin America & the Caribbean (IDA & IBRD countries),TLA,"Net enrolment rate, primary, both sexes (%)",SE.PRM.NENR,93.72012,93.75228
Latvia,LVA,"Net enrolment rate, secondary, both sexes (%)",SE.SEC.NENR,93.79965,..
Latvia,LVA,"Net enrolment rate, primary, both sexes (%)",SE.PRM.NENR,96.30354,..
Least developed countries: UN classification,LDC,"Net enrolment rate, secondary, both sexes (%)",SE.SEC.NENR,37.93698,38.05158
Least developed countries: UN classification,LDC,"Net enrolment rate, primary, both sexes (%)",SE.PRM.NENR,80.98355,80.77344
Lebanon,LBN,"Net enrolment rate, secondary, both sexes (%)",SE.SEC.NENR,..,..
Lebanon,LBN,"Net enrolment rate, primary, both sexes (%)",SE.PRM.NENR,..,..
Lending category not classified,LNX,"Net enrolment rate, secondary, both sexes (%)",SE.SEC.NENR,..,..
Lending category not classified,LNX,"Net enrolment rate, primary, both sexes (%)",SE.PRM.NENR,..,..
Lesotho,LSO,"Net enrolment rate, secondary, both sexes (%)",SE.SEC.NENR,..,..
Lesotho,LSO,"Net enrolment rate, primary, both sexes (%)",SE.PRM.NENR,93.31062,..
Liberia,LBR,"Net enrolment rate, secondary, both sexes (%)",SE.SEC.NENR,..,..
Liberia,LBR,"Net enrolment rate, primary, both sexes (%)",SE.PRM.NENR,44.25563,..
Libya,LBY,"Net enrolment rate, secondary, both sexes (%)",SE.SEC.NENR,..,..
Libya,LBY,"Net enrolment rate, primary, both sexes (%)",SE.PRM.NENR,..,..
Liechtenstein,LIE,"Net enrolment rate, secondary, both sexes (%)",SE.SEC.NENR,85.94145,..
Liechtenstein,LIE,"Net enrolment rate, primary, both sexes (%)",SE.PRM.NENR,..,..
Lithuania,LTU,"Net enrolment rate, secondary, both sexes (%)",SE.SEC.NENR,98.42562,..
Lithuania,LTU,"Net enrolment rate, primary, both sexes (%)",SE.PRM.NENR,98.17529,..
Low & middle income,LMY,"Net enrolment rate, secondary, both sexes (%)",SE.SEC.NENR,63.20392,63.29202
Low & middle income,LMY,"Net enrolment rate, primary, both sexes (%)",SE.PRM.NENR,88.43887,88.60731
Low income,LIC,"Net enrolment rate, secondary, both sexes (%)",SE.SEC.NENR,33.51031,33.57867
Low income,LIC,"Net enrolment rate, primary, both sexes (%)",SE.PRM.NENR,80.80115,..
Lower middle income,LMC,"Net enrolment rate, secondary, both sexes (%)",SE.SEC.NENR,59.56994,59.91367
Lower middle income,LMC,"Net enrolment rate, primary, both sexes (%)",SE.PRM.NENR,86.64486,86.9201
Luxembourg,LUX,"Net enrolment rate, secondary, both sexes (%)",SE.SEC.NENR,83.58238,..
Luxembourg,LUX,"Net enrolment rate, primary, both sexes (%)",SE.PRM.NENR,95.03083,..
"Macao SAR, China",MAC,"Net enrolment rate, secondary, both sexes (%)",SE.SEC.NENR,84.38217,86.42111
"Macao SAR, China",MAC,"Net enrolment rate, primary, both sexes (%)",SE.PRM.NENR,96.78639,96.39553
Madagascar,MDG,"Net enrolment rate, secondary, both sexes (%)",SE.SEC.NENR,29.12022,29.84739
Madagascar,MDG,"Net enrolment rate, primary, both sexes (%)",SE.PRM.NENR,..,95.60378
Malawi,MWI,"Net enrolment rate, secondary, both sexes (%)",SE.SEC.NENR,..,34.23885
Malawi,MWI,"Net enrolment rate, primary, both sexes (%)",SE.PRM.NENR,..,..
Malaysia,MYS,"Net enrolment rate, secondary, both sexes (%)",SE.SEC.NENR,74.39817,72.21113
Malaysia,MYS,"Net enrolment rate, primary, both sexes (%)",SE.PRM.NENR,99.64564,..
Maldives,MDV,"Net enrolment rate, secondary, both sexes (%)",SE.SEC.NENR,..,..
Maldives,MDV,"Net enrolment rate, primary, both sexes (%)",SE.PRM.NENR,95.4151,..
Mali,MLI,"Net enrolment rate, secondary, both sexes (%)",SE.SEC.NENR,29.34611,29.92706
Mali,MLI,"Net enrolment rate, primary, both sexes (%)",SE.PRM.NENR,61.27746,58.94142
Malta,MLT,"Net enrolment rate, secondary, both sexes (%)",SE.SEC.NENR,92.96077,..
Malta,MLT,"Net enrolment rate, primary, both sexes (%)",SE.PRM.NENR,99.53764,..
Marshall Islands,MHL,"Net enrolment rate, secondary, both sexes (%)",SE.SEC.NENR,..,..
Marshall Islands,MHL,"Net enrolment rate, primary, both sexes (%)",SE.PRM.NENR,..,..
Mauritania,MRT,"Net enrolment rate, secondary, both sexes (%)",SE.SEC.NENR,28.18691,30.97658
Mauritania,MRT,"Net enrolment rate, primary, both sexes (%)",SE.PRM.NENR,77.82357,79.5744
Mauritius,MUS,"Net enrolment rate, secondary, both sexes (%)",SE.SEC.NENR,84.54626,84.30832
Mauritius,MUS,"Net enrolment rate, primary, both sexes (%)",SE.PRM.NENR,95.80694,94.80512
Mayotte,MYT,"Net enrolment rate, secondary, both sexes (%)",SE.SEC.NENR,..,..
Mayotte,MYT,"Net enrolment rate, primary, both sexes (%)",SE.PRM.NENR,..,..
Mexico,MEX,"Net enrolment rate, secondary, both sexes (%)",SE.SEC.NENR,81.15596,..
Mexico,MEX,"Net enrolment rate, primary, both sexes (%)",SE.PRM.NENR,95.30064,..
"Micronesia, Fed. Sts.",FSM,"Net enrolment rate, secondary, both sexes (%)",SE.SEC.NENR,..,..
"Micronesia, Fed. Sts.",FSM,"Net enrolment rate, primary, both sexes (%)",SE.PRM.NENR,..,..
Middle East & North Africa,MEA,"Net enrolment rate, secondary, both sexes (%)",SE.SEC.NENR,72.42314,72.89887
Middle East & North Africa,MEA,"Net enrolment rate, primary, both sexes (%)",SE.PRM.NENR,93.45803,93.71546
Middle East & North Africa (excluding high income),MNA,"Net enrolment rate, secondary, both sexes (%)",SE.SEC.NENR,70.16223,70.61009
Middle East & North Africa (excluding high income),MNA,"Net enrolment rate, primary, both sexes (%)",SE.PRM.NENR,93.08121,93.41539
Middle East & North Africa (IDA & IBRD countries),TMN,"Net enrolment rate, secondary, both sexes (%)",SE.SEC.NENR,69.79347,70.25002
Middle East & North Africa (IDA & IBRD countries),TMN,"Net enrolment rate, primary, both sexes (%)",SE.PRM.NENR,93.05634,93.3991
Middle income,MIC,"Net enrolment rate, secondary, both sexes (%)",SE.SEC.NENR,67.9526,68.12466
Middle income,MIC,"Net enrolment rate, primary, both sexes (%)",SE.PRM.NENR,90.02743,90.26697
Moldova,MDA,"Net enrolment rate, secondary, both sexes (%)",SE.SEC.NENR,77.85475,77.95594
Moldova,MDA,"Net enrolment rate, primary, both sexes (%)",SE.PRM.NENR,86.50643,86.31417
Monaco,MCO,"Net enrolment rate, secondary, both sexes (%)",SE.SEC.NENR,..,..
Monaco,MCO,"Net enrolment rate, primary, both sexes (%)",SE.PRM.NENR,..,..
Mongolia,MNG,"Net enrolment rate, secondary, both sexes (%)",SE.SEC.NENR,..,..
Mongolia,MNG,"Net enrolment rate, primary, both sexes (%)",SE.PRM.NENR,97.86929,97.69756
Montenegro,MNE,"Net enrolment rate, secondary, both sexes (%)",SE.SEC.NENR,89.33592,89.07485
Montenegro,MNE,"Net enrolment rate, primary, both sexes (%)",SE.PRM.NENR,95.71483,96.54847
Morocco,MAR,"Net enrolment rate, secondary, both sexes (%)",SE.SEC.NENR,63.46699,64.4924
Morocco,MAR,"Net enrolment rate, primary, both sexes (%)",SE.PRM.NENR,96.89422,99.09904
Mozambique,MOZ,"Net enrolment rate, secondary, both sexes (%)",SE.SEC.NENR,..,..
Mozambique,MOZ,"Net enrolment rate, primary, both sexes (%)",SE.PRM.NENR,89.87354,93.92934
Myanmar,MMR,"Net enrolment rate, secondary, both sexes (%)",SE.SEC.NENR,59.62371,64.05857
Myanmar,MMR,"Net enrolment rate, primary, both sexes (%)",SE.PRM.NENR,97.66256,97.93192
Namibia,NAM,"Net enrolment rate, secondary, both sexes (%)",SE.SEC.NENR,..,..
Namibia,NAM,"Net enrolment rate, primary, both sexes (%)",SE.PRM.NENR,97.34142,97.48892
Nauru,NRU,"Net enrolment rate, secondary, both sexes (%)",SE.SEC.NENR,..,..
Nauru,NRU,"Net enrolment rate, primary, both sexes (%)",SE.PRM.NENR,..,..
Nepal,NPL,"Net enrolment rate, secondary, both sexes (%)",SE.SEC.NENR,57.51369,..
Nepal,NPL,"Net enrolment rate, primary, both sexes (%)",SE.PRM.NENR,96.33409,..
Netherlands,NLD,"Net enrolment rate, secondary, both sexes (%)",SE.SEC.NENR,93.16439,..
Netherlands,NLD,"Net enrolment rate, primary, both sexes (%)",SE.PRM.NENR,98.64765,..
Netherlands Antilles,ANT,"Net enrolment rate, secondary, both sexes (%)",SE.SEC.NENR,..,..
Netherlands Antilles,ANT,"Net enrolment rate, primary, both sexes (%)",SE.PRM.NENR,..,..
New Caledonia,NCL,"Net enrolment rate, secondary, both sexes (%)",SE.SEC.NENR,..,..
New Caledonia,NCL,"Net enrolment rate, primary, both sexes (%)",SE.PRM.NENR,..,..
New Zealand,NZL,"Net enrolment rate, secondary, both sexes (%)",SE.SEC.NENR,96.86035,..
New Zealand,NZL,"Net enrolment rate, primary, both sexes (%)",SE.PRM.NENR,99.11677,..
Nicaragua,NIC,"Net enrolment rate, secondary, both sexes (%)",SE.SEC.NENR,..,..
Nicaragua,NIC,"Net enrolment rate, primary, both sexes (%)",SE.PRM.NENR,..,..
Niger,NER,"Net enrolment rate, secondary, both sexes (%)",SE.SEC.NENR,20.06691,..
Niger,NER,"Net enrolment rate, primary, both sexes (%)",SE.PRM.NENR,65.12458,..
Nigeria,NGA,"Net enrolment rate, secondary, both sexes (%)",SE.SEC.NENR,..,..
Nigeria,NGA,"Net enrolment rate, primary, both sexes (%)",SE.PRM.NENR,..,..
North America,NAC,"Net enrolment rate, secondary, both sexes (%)",SE.SEC.NENR,93.07327,93.06775
North America,NAC,"Net enrolment rate, primary, both sexes (%)",SE.PRM.NENR,95.08227,95.17325
North Macedonia,MKD,"Net enrolment rate, secondary, both sexes (%)",SE.SEC.NENR,..,..
North Macedonia,MKD,"Net enrolment rate, primary, both sexes (%)",SE.PRM.NENR,94.8883,..
Northern Mariana Islands,MNP,"Net enrolment rate, secondary, both sexes (%)",SE.SEC.NENR,..,..
Northern Mariana Islands,MNP,"Net enrolment rate, primary, both sexes (%)",SE.PRM.NENR,..,..
Norway,NOR,"Net enrolment rate, secondary, both sexes (%)",SE.SEC.NENR,95.60786,..
Norway,NOR,"Net enrolment rate, primary, both sexes (%)",SE.PRM.NENR,99.88251,..
OECD members,OED,"Net enrolment rate, secondary, both sexes (%)",SE.SEC.NENR,89.3494,89.36801
OECD members,OED,"Net enrolment rate, primary, both sexes (%)",SE.PRM.NENR,95.64335,95.5958
Oman,OMN,"Net enrolment rate, secondary, both sexes (%)",SE.SEC.NENR,94.0779,96.19256
Oman,OMN,"Net enrolment rate, primary, both sexes (%)",SE.PRM.NENR,93.28335,86.25355
Other small states,OSS,"Net enrolment rate, secondary, both sexes (%)",SE.SEC.NENR,54.02025,..
Other small states,OSS,"Net enrolment rate, primary, both sexes (%)",SE.PRM.NENR,85.42188,85.41373
Pacific island small states,PSS,"Net enrolment rate, secondary, both sexes (%)",SE.SEC.NENR,..,..
Pacific island small states,PSS,"Net enrolment rate, primary, both sexes (%)",SE.PRM.NENR,..,83.8887
Pakistan,PAK,"Net enrolment rate, secondary, both sexes (%)",SE.SEC.NENR,35.42111,37.40039
Pakistan,PAK,"Net enrolment rate, primary, both sexes (%)",SE.PRM.NENR,64.89623,67.5748
Palau,PLW,"Net enrolment rate, secondary, both sexes (%)",SE.SEC.NENR,..,..
Palau,PLW,"Net enrolment rate, primary, both sexes (%)",SE.PRM.NENR,..,..
Panama,PAN,"Net enrolment rate, secondary, both sexes (%)",SE.SEC.NENR,63.79138,..
Panama,PAN,"Net enrolment rate, primary, both sexes (%)",SE.PRM.NENR,86.23979,..
Papua New Guinea,PNG,"Net enrolment rate, secondary, both sexes (%)",SE.SEC.NENR,..,..
Papua New Guinea,PNG,"Net enrolment rate, primary, both sexes (%)",SE.PRM.NENR,..,..
Paraguay,PRY,"Net enrolment rate, secondary, both sexes (%)",SE.SEC.NENR,..,..
Paraguay,PRY,"Net enrolment rate, primary, both sexes (%)",SE.PRM.NENR,..,..
Peru,PER,"Net enrolment rate, secondary, both sexes (%)",SE.SEC.NENR,85.58522,89.30975
Peru,PER,"Net enrolment rate, primary, both sexes (%)",SE.PRM.NENR,94.91894,95.65167
Philippines,PHL,"Net enrolment rate, secondary, both sexes (%)",SE.SEC.NENR,..,..
Philippines,PHL,"Net enrolment rate, primary, both sexes (%)",SE.PRM.NENR,93.7756,..
Poland,POL,"Net enrolment rate, secondary, both sexes (%)",SE.SEC.NENR,94.08406,..
Poland,POL,"Net enrolment rate, primary, both sexes (%)",SE.PRM.NENR,95.78475,..
Portugal,PRT,"Net enrolment rate, secondary, both sexes (%)",SE.SEC.NENR,94.66479,..
Portugal,PRT,"Net enrolment rate, primary, both sexes (%)",SE.PRM.NENR,97.56411,..
Post-demographic dividend,PST,"Net enrolment rate, secondary, both sexes (%)",SE.SEC.NENR,90.73148,90.7899
Post-demographic dividend,PST,"Net enrolment rate, primary, both sexes (%)",SE.PRM.NENR,96.18972,96.22047
Pre-demographic dividend,PRE,"Net enrolment rate, secondary, both sexes (%)",SE.SEC.NENR,34.67489,35.01341
Pre-demographic dividend,PRE,"Net enrolment rate, primary, both sexes (%)",SE.PRM.NENR,..,76.64759
Puerto Rico,PRI,"Net enrolment rate, secondary, both sexes (%)",SE.SEC.NENR,..,..
Puerto Rico,PRI,"Net enrolment rate, primary, both sexes (%)",SE.PRM.NENR,..,..
Qatar,QAT,"Net enrolment rate, secondary, both sexes (%)",SE.SEC.NENR,..,..
Qatar,QAT,"Net enrolment rate, primary, both sexes (%)",SE.PRM.NENR,93.54716,94.09431
Romania,ROU,"Net enrolment rate, secondary, both sexes (%)",SE.SEC.NENR,82.84805,..
Romania,ROU,"Net enrolment rate, primary, both sexes (%)",SE.PRM.NENR,82.22835,..
Russian Federation,RUS,"Net enrolment rate, secondary, both sexes (%)",SE.SEC.NENR,90.67886,..
Russian Federation,RUS,"Net enrolment rate, primary, both sexes (%)",SE.PRM.NENR,95.09612,..
Rwanda,RWA,"Net enrolment rate, secondary, both sexes (%)",SE.SEC.NENR,..,35.87144
Rwanda,RWA,"Net enrolment rate, primary, both sexes (%)",SE.PRM.NENR,96.9315,94.78978
Samoa,WSM,"Net enrolment rate, secondary, both sexes (%)",SE.SEC.NENR,..,..
Samoa,WSM,"Net enrolment rate, primary, both sexes (%)",SE.PRM.NENR,94.46785,94.41308
San Marino,SMR,"Net enrolment rate, secondary, both sexes (%)",SE.SEC.NENR,..,66.54351
San Marino,SMR,"Net enrolment rate, primary, both sexes (%)",SE.PRM.NENR,..,..
Sao Tome and Principe,STP,"Net enrolment rate, secondary, both sexes (%)",SE.SEC.NENR,..,..
Sao Tome and Principe,STP,"Net enrolment rate, primary, both sexes (%)",SE.PRM.NENR,93.0763,..
Saudi Arabia,SAU,"Net enrolment rate, secondary, both sexes (%)",SE.SEC.NENR,90.55695,96.36052
Saudi Arabia,SAU,"Net enrolment rate, primary, both sexes (%)",SE.PRM.NENR,95.18623,94.5456
Senegal,SEN,"Net enrolment rate, secondary, both sexes (%)",SE.SEC.NENR,37.66861,..
Senegal,SEN,"Net enrolment rate, primary, both sexes (%)",SE.PRM.NENR,75.3821,..
Serbia,SRB,"Net enrolment rate, secondary, both sexes (%)",SE.SEC.NENR,92.45639,92.06535
Serbia,SRB,"Net enrolment rate, primary, both sexes (%)",SE.PRM.NENR,95.17741,94.55098
Seychelles,SYC,"Net enrolment rate, secondary, both sexes (%)",SE.SEC.NENR,79.64231,80.06115
Seychelles,SYC,"Net enrolment rate, primary, both sexes (%)",SE.PRM.NENR,92.02707,92.21011
Sierra Leone,SLE,"Net enrolment rate, secondary, both sexes (%)",SE.SEC.NENR,38.33144,41.76675
Sierra Leone,SLE,"Net enrolment rate, primary, both sexes (%)",SE.PRM.NENR,..,..
Singapore,SGP,"Net enrolment rate, secondary, both sexes (%)",SE.SEC.NENR,99.78462,..
Singapore,SGP,"Net enrolment rate, primary, both sexes (%)",SE.PRM.NENR,99.66959,..
Sint Maarten (Dutch part),SXM,"Net enrolment rate, secondary, both sexes (%)",SE.SEC.NENR,..,..
Sint Maarten (Dutch part),SXM,"Net enrolment rate, primary, both sexes (%)",SE.PRM.NENR,..,..
Slovak Republic,SVK,"Net enrolment rate, secondary, both sexes (%)",SE.SEC.NENR,84.75751,..
Slovak Republic,SVK,"Net enrolment rate, primary, both sexes (%)",SE.PRM.NENR,83.09318,..
Slovenia,SVN,"Net enrolment rate, secondary, both sexes (%)",SE.SEC.NENR,95.68577,..
Slovenia,SVN,"Net enrolment rate, primary, both sexes (%)",SE.PRM.NENR,98.26288,..
Small states,SST,"Net enrolment rate, secondary, both sexes (%)",SE.SEC.NENR,58.13102,..
Small states,SST,"Net enrolment rate, primary, both sexes (%)",SE.PRM.NENR,85.82278,85.68541
Solomon Islands,SLB,"Net enrolment rate, secondary, both sexes (%)",SE.SEC.NENR,..,..
Solomon Islands,SLB,"Net enrolment rate, primary, both sexes (%)",SE.PRM.NENR,69.52108,67.47257
Somalia,SOM,"Net enrolment rate, secondary, both sexes (%)",SE.SEC.NENR,..,..
Somalia,SOM,"Net enrolment rate, primary, both sexes (%)",SE.PRM.NENR,..,..
South Africa,ZAF,"Net enrolment rate, secondary, both sexes (%)",SE.SEC.NENR,71.92661,..
South Africa,ZAF,"Net enrolment rate, primary, both sexes (%)",SE.PRM.NENR,87.01258,..
South Asia,SAS,"Net enrolment rate, secondary, both sexes (%)",SE.SEC.NENR,60.20007,60.5279
South Asia,SAS,"Net enrolment rate, primary, both sexes (%)",SE.PRM.NENR,87.60735,87.76227
South Asia (IDA & IBRD),TSA,"Net enrolment rate, secondary, both sexes (%)",SE.SEC.NENR,60.20007,60.5279
South Asia (IDA & IBRD),TSA,"Net enrolment rate, primary, both sexes (%)",SE.PRM.NENR,87.60735,87.76227
South Sudan,SSD,"Net enrolment rate, secondary, both sexes (%)",SE.SEC.NENR,..,..
South Sudan,SSD,"Net enrolment rate, primary, both sexes (%)",SE.PRM.NENR,..,..
Spain,ESP,"Net enrolment rate, secondary, both sexes (%)",SE.SEC.NENR,96.87779,..
Spain,ESP,"Net enrolment rate, primary, both sexes (%)",SE.PRM.NENR,97.27171,..
Sri Lanka,LKA,"Net enrolment rate, secondary, both sexes (%)",SE.SEC.NENR,89.04229,91.03783
Sri Lanka,LKA,"Net enrolment rate, primary, both sexes (%)",SE.PRM.NENR,99.09921,99.10711
St. Kitts and Nevis,KNA,"Net enrolment rate, secondary, both sexes (%)",SE.SEC.NENR,..,..
St. Kitts and Nevis,KNA,"Net enrolment rate, primary, both sexes (%)",SE.PRM.NENR,..,..
St. Lucia,LCA,"Net enrolment rate, secondary, both sexes (%)",SE.SEC.NENR,80.81903,81.31252
St. Lucia,LCA,"Net enrolment rate, primary, both sexes (%)",SE.PRM.NENR,94.86626,95.39814
St. Martin (French part),MAF,"Net enrolment rate, secondary, both sexes (%)",SE.SEC.NENR,..,..
St. Martin (French part),MAF,"Net enrolment rate, primary, both sexes (%)",SE.PRM.NENR,..,..
St. Vincent and the Grenadines,VCT,"Net enrolment rate, secondary, both sexes (%)",SE.SEC.NENR,90.47261,89.47196
St. Vincent and the Grenadines,VCT,"Net enrolment rate, primary, both sexes (%)",SE.PRM.NENR,93.58439,..
Sub-Saharan Africa,SSF,"Net enrolment rate, secondary, both sexes (%)",SE.SEC.NENR,35.29055,35.58426
Sub-Saharan Africa,SSF,"Net enrolment rate, primary, both sexes (%)",SE.PRM.NENR,..,..
Sub-Saharan Africa (excluding high income),SSA,"Net enrolment rate, secondary, both sexes (%)",SE.SEC.NENR,35.28772,35.58147
Sub-Saharan Africa (excluding high income),SSA,"Net enrolment rate, primary, both sexes (%)",SE.PRM.NENR,..,..
Sub-Saharan Africa (IDA & IBRD countries),TSS,"Net enrolment rate, secondary, both sexes (%)",SE.SEC.NENR,35.29055,35.58426
Sub-Saharan Africa (IDA & IBRD countries),TSS,"Net enrolment rate, primary, both sexes (%)",SE.PRM.NENR,..,..
Sudan,SDN,"Net enrolment rate, secondary, both sexes (%)",SE.SEC.NENR,..,..
Sudan,SDN,"Net enrolment rate, primary, both sexes (%)",SE.PRM.NENR,60.00534,..
Suriname,SUR,"Net enrolment rate, secondary, both sexes (%)",SE.SEC.NENR,..,..
Suriname,SUR,"Net enrolment rate, primary, both sexes (%)",SE.PRM.NENR,86.07316,86.02531
Sweden,SWE,"Net enrolment rate, secondary, both sexes (%)",SE.SEC.NENR,..,..
Sweden,SWE,"Net enrolment rate, primary, both sexes (%)",SE.PRM.NENR,99.18177,..
Switzerland,CHE,"Net enrolment rate, secondary, both sexes (%)",SE.SEC.NENR,85.32946,..
Switzerland,CHE,"Net enrolment rate, primary, both sexes (%)",SE.PRM.NENR,93.19583,..
Syrian Arab Republic,SYR,"Net enrolment rate, secondary, both sexes (%)",SE.SEC.NENR,..,..
Syrian Arab Republic,SYR,"Net enrolment rate, primary, both sexes (%)",SE.PRM.NENR,..,..
Tajikistan,TJK,"Net enrolment rate, secondary, both sexes (%)",SE.SEC.NENR,..,..
Tajikistan,TJK,"Net enrolment rate, primary, both sexes (%)",SE.PRM.NENR,98.28703,..
Tanzania,TZA,"Net enrolment rate, secondary, both sexes (%)",SE.SEC.NENR,24.55251,26.54777
Tanzania,TZA,"Net enrolment rate, primary, both sexes (%)",SE.PRM.NENR,83.58042,81.32921
Thailand,THA,"Net enrolment rate, secondary, both sexes (%)",SE.SEC.NENR,..,..
Thailand,THA,"Net enrolment rate, primary, both sexes (%)",SE.PRM.NENR,..,..
Timor-Leste,TLS,"Net enrolment rate, secondary, both sexes (%)",SE.SEC.NENR,60.61502,62.73563
Timor-Leste,TLS,"Net enrolment rate, primary, both sexes (%)",SE.PRM.NENR,93.70257,92.30953
Togo,TGO,"Net enrolment rate, secondary, both sexes (%)",SE.SEC.NENR,41.01339,..
Togo,TGO,"Net enrolment rate, primary, both sexes (%)",SE.PRM.NENR,90.91577,90.73097
Tokelau,TKL,"Net enrolment rate, secondary, both sexes (%)",SE.SEC.NENR,..,..
Tokelau,TKL,"Net enrolment rate, primary, both sexes (%)",SE.PRM.NENR,..,..
Tonga,TON,"Net enrolment rate, secondary, both sexes (%)",SE.SEC.NENR,..,..
Tonga,TON,"Net enrolment rate, primary, both sexes (%)",SE.PRM.NENR,..,..
Trinidad and Tobago,TTO,"Net enrolment rate, secondary, both sexes (%)",SE.SEC.NENR,..,..
Trinidad and Tobago,TTO,"Net enrolment rate, primary, both sexes (%)",SE.PRM.NENR,..,..
Tunisia,TUN,"Net enrolment rate, secondary, both sexes (%)",SE.SEC.NENR,..,..
Tunisia,TUN,"Net enrolment rate, primary, both sexes (%)",SE.PRM.NENR,..,..
Turkey,TUR,"Net enrolment rate, secondary, both sexes (%)",SE.SEC.NENR,87.22819,..
Turkey,TUR,"Net enrolment rate, primary, both sexes (%)",SE.PRM.NENR,87.90006,..
Turkmenistan,TKM,"Net enrolment rate, secondary, both sexes (%)",SE.SEC.NENR,..,..
Turkmenistan,TKM,"Net enrolment rate, primary, both sexes (%)",SE.PRM.NENR,..,..
Turks and Caicos Islands,TCA,"Net enrolment rate, secondary, both sexes (%)",SE.SEC.NENR,..,..
Turks and Caicos Islands,TCA,"Net enrolment rate, primary, both sexes (%)",SE.PRM.NENR,..,..
Tuvalu,TUV,"Net enrolment rate, secondary, both sexes (%)",SE.SEC.NENR,..,66.72794
Tuvalu,TUV,"Net enrolment rate, primary, both sexes (%)",SE.PRM.NENR,..,..
Uganda,UGA,"Net enrolment rate, secondary, both sexes (%)",SE.SEC.NENR,..,..
Uganda,UGA,"Net enrolment rate, primary, both sexes (%)",SE.PRM.NENR,..,..
Ukraine,UKR,"Net enrolment rate, secondary, both sexes (%)",SE.SEC.NENR,..,..
Ukraine,UKR,"Net enrolment rate, primary, both sexes (%)",SE.PRM.NENR,..,..
United Arab Emirates,ARE,"Net enrolment rate, secondary, both sexes (%)",SE.SEC.NENR,92.79992,..
United Arab Emirates,ARE,"Net enrolment rate, primary, both sexes (%)",SE.PRM.NENR,95.02753,..
United Kingdom,GBR,"Net enrolment rate, secondary, both sexes (%)",SE.SEC.NENR,97.13247,..
United Kingdom,GBR,"Net enrolment rate, primary, both sexes (%)",SE.PRM.NENR,99.49182,..
United States,USA,"Net enrolment rate, secondary, both sexes (%)",SE.SEC.NENR,92.45022,..
United States,USA,"Net enrolment rate, primary, both sexes (%)",SE.PRM.NENR,94.62633,..
Upper middle income,UMC,"Net enrolment rate, secondary, both sexes (%)",SE.SEC.NENR,82.12463,82.24137
Upper middle income,UMC,"Net enrolment rate, primary, both sexes (%)",SE.PRM.NENR,95.31941,95.47259
Uruguay,URY,"Net enrolment rate, secondary, both sexes (%)",SE.SEC.NENR,88.21273,..
Uruguay,URY,"Net enrolment rate, primary, both sexes (%)",SE.PRM.NENR,99.3775,..
Uzbekistan,UZB,"Net enrolment rate, secondary, both sexes (%)",SE.SEC.NENR,90.85635,..
Uzbekistan,UZB,"Net enrolment rate, primary, both sexes (%)",SE.PRM.NENR,96.26941,94.59704
Vanuatu,VUT,"Net enrolment rate, secondary, both sexes (%)",SE.SEC.NENR,..,..
Vanuatu,VUT,"Net enrolment rate, primary, both sexes (%)",SE.PRM.NENR,..,..
"Venezuela, RB",VEN,"Net enrolment rate, secondary, both sexes (%)",SE.SEC.NENR,73.24477,..
"Venezuela, RB",VEN,"Net enrolment rate, primary, both sexes (%)",SE.PRM.NENR,87.39174,..
Vietnam,VNM,"Net enrolment rate, secondary, both sexes (%)",SE.SEC.NENR,..,..
Vietnam,VNM,"Net enrolment rate, primary, both sexes (%)",SE.PRM.NENR,..,..
Virgin Islands (U.S.),VIR,"Net enrolment rate, secondary, both sexes (%)",SE.SEC.NENR,..,..
Virgin Islands (U.S.),VIR,"Net enrolment rate, primary, both sexes (%)",SE.PRM.NENR,..,..
West Bank and Gaza,PSE,"Net enrolment rate, secondary, both sexes (%)",SE.SEC.NENR,87.20079,87.22641
West Bank and Gaza,PSE,"Net enrolment rate, primary, both sexes (%)",SE.PRM.NENR,95.26274,94.84281
World,WLD,"Net enrolment rate, secondary, both sexes (%)",SE.SEC.NENR,66.19644,66.27183
World,WLD,"Net enrolment rate, primary, both sexes (%)",SE.PRM.NENR,89.26194,89.4124
"Yemen, Rep.",YEM,"Net enrolment rate, secondary, both sexes (%)",SE.SEC.NENR,..,..
"Yemen, Rep.",YEM,"Net enrolment rate, primary, both sexes (%)",SE.PRM.NENR,..,..
Zambia,ZMB,"Net enrolment rate, secondary, both sexes (%)",SE.SEC.NENR,..,..
Zambia,ZMB,"Net enrolment rate, primary, both sexes (%)",SE.PRM.NENR,83.16745,..
Zimbabwe,ZWE,"Net enrolment rate, secondary, both sexes (%)",SE.SEC.NENR,..,..
Zimbabwe,ZWE,"Net enrolment rate, primary, both sexes (%)",SE.PRM.NENR,..,..
,,,,,
,,,,,
,,,,,
Data from database: Education Statistics - All Indicators,,,,,
Last Updated: 11/03/2020,,,,,
